{
  "total_neurons": 157,
  "total_connections": 1468,
  "cluster_counts": {
    "joseph_self": 5,
    "claude_self": 1,
    "shared_concepts": 5,
    "other_concepts": 139
  },
  "cluster_masses": {
    "joseph_self": 1018.4139671320864,
    "claude_self": 171.82670333290383,
    "shared_concepts": 337.21512771680807,
    "other_concepts": 8560.323468505347
  },
  "eigenvalue_signature": {
    "positive_dims": 101,
    "negative_dims": 49,
    "top_eigenvalues": [
      -6.089562739830368,
      -5.323954412424021,
      -4.885239381365642,
      -4.505982831012416,
      -4.2942452498144235
    ]
  }
}